text,sentiment
"I love this product! It's amazing and works perfectly.",positive
"This is the worst purchase I've ever made. Total waste of money.",negative
"The quality is decent, nothing special but it gets the job done.",neutral
"Absolutely fantastic! Highly recommend to everyone.",positive
"I'm disappointed with the customer service. Very unhelpful.",negative
"It's okay, not great but not terrible either.",neutral
"Best investment ever! So happy with my decision.",positive
"Complete garbage. Don't buy this if you value your time.",negative
"Pretty good overall, meets my expectations.",neutral
"Outstanding performance and great value for money!",positive
"This item broke after one week. Poor quality.",negative
"Neutral feelings, it's just average.",neutral
"Five stars! Exceeded all my expectations.",positive
"Horrible experience, will never buy again.",negative
"It's fine, does what it's supposed to do.",neutral
"Exceptional quality and fast shipping!",positive
"Very dissatisfied. Product doesn't match description.",negative
"Not bad, but could be better.",neutral
"Love it! Will definitely purchase more.",positive
"Avoid at all costs. Regret buying this.",negative
"Acceptable, but nothing to write home about.",neutral
"Superb! Worth every penny.",positive
"Disappointing. Not worth the hype.",negative
"Mediocre at best.",neutral
"Brilliant design and functionality!",positive
"Terrible, broke immediately after use.",negative
"Just okay, no strong feelings either way.",neutral
"Excellent customer support and product!",positive
"Frustrating experience from start to finish.",negative
"Standard quality, as expected.",neutral
